date,time,feeding,pee,poop,dateAndTime
3/6/16,01:30:53,70,0.4,0.2,2016-03-06T01:30:53.000Z
3/6/16,05:01:32,64,0.5,0.7,2016-03-06T05:01:32.000Z
3/6/16,08:53:37,78,0.7,0.3,2016-03-06T08:53:37.000Z
3/6/16,11:52:33,80,0.1,0.7,2016-03-06T11:52:33.000Z
3/6/16,13:24:46,69,0.5,0.5,2016-03-06T13:24:46.000Z
3/6/16,17:19:13,88,0.9,0,2016-03-06T17:19:13.000Z
3/6/16,23:52:11,89,0,0.2,2016-03-06T23:52:11.000Z
3/7/16,02:45:02,55,0.2,0.3,2016-03-07T02:45:02.000Z
3/7/16,04:34:19,74,0.2,0.9,2016-03-07T04:34:19.000Z
3/7/16,08:59:31,65,0.8,0.8,2016-03-07T08:59:31.000Z
3/7/16,11:01:41,78,0.7,0.6,2016-03-07T11:01:41.000Z
3/7/16,13:31:16,69,0.1,0.3,2016-03-07T13:31:16.000Z
3/7/16,16:29:01,82,0.8,0.5,2016-03-07T16:29:01.000Z
3/7/16,21:57:07,62,0.8,0,2016-03-07T21:57:07.000Z
3/8/16,01:57:03,51,0,0.4,2016-03-08T01:57:03.000Z
3/8/16,03:43:49,59,0.2,0.8,2016-03-08T03:43:49.000Z
3/8/16,08:47:44,56,0.6,0.5,2016-03-08T08:47:44.000Z
3/8/16,09:55:03,74,0.4,0.5,2016-03-08T09:55:03.000Z
3/8/16,12:55:42,59,0,0.5,2016-03-08T12:55:42.000Z
3/8/16,17:47:02,77,0.6,0.2,2016-03-08T17:47:02.000Z
3/8/16,22:07:32,68,0.4,0.6,2016-03-08T22:07:32.000Z
3/9/16,02:25:18,75,0.3,0.1,2016-03-09T02:25:18.000Z
3/9/16,04:10:21,55,0.2,0.7,2016-03-09T04:10:21.000Z
3/9/16,07:37:30,72,0,0.4,2016-03-09T07:37:30.000Z
3/9/16,10:56:08,61,0.2,0.8,2016-03-09T10:56:08.000Z
3/9/16,13:01:58,83,0,0.4,2016-03-09T13:01:58.000Z
3/9/16,16:21:36,60,0.1,0.9,2016-03-09T16:21:36.000Z
3/9/16,22:49:47,54,0.3,0.5,2016-03-09T22:49:47.000Z
3/10/16,00:13:05,64,0,0.6,2016-03-10T00:13:05.000Z
3/10/16,03:03:22,85,0.2,1,2016-03-10T03:03:22.000Z
3/10/16,07:24:13,53,0.8,0.3,2016-03-10T07:24:13.000Z
3/10/16,11:47:43,79,0.9,0.6,2016-03-10T11:47:43.000Z
3/10/16,13:48:47,77,0.8,0.1,2016-03-10T13:48:47.000Z
3/10/16,15:55:30,87,0.5,0.4,2016-03-10T15:55:30.000Z
3/10/16,20:52:03,84,0.6,0.9,2016-03-10T20:52:03.000Z
3/11/16,01:57:26,62,0.5,0.5,2016-03-11T01:57:26.000Z
3/11/16,03:59:09,50,0.5,0.5,2016-03-11T03:59:09.000Z
3/11/16,07:56:14,85,0.7,0.7,2016-03-11T07:56:14.000Z
3/11/16,09:13:05,50,0.4,0.7,2016-03-11T09:13:05.000Z
3/11/16,12:27:01,67,0.7,0.4,2016-03-11T12:27:01.000Z
3/11/16,15:24:16,62,0.4,1,2016-03-11T15:24:16.000Z
3/11/16,19:43:31,51,0.5,0.5,2016-03-11T19:43:31.000Z
3/12/16,00:49:35,78,0.5,0.1,2016-03-12T00:49:35.000Z
3/12/16,05:22:29,81,0.6,0,2016-03-12T05:22:29.000Z
3/12/16,07:56:25,57,0.7,0.8,2016-03-12T07:56:25.000Z
3/12/16,10:50:35,52,0.7,0.2,2016-03-12T10:50:35.000Z
3/12/16,12:24:07,52,0.7,0.4,2016-03-12T12:24:07.000Z
3/12/16,16:41:41,53,1,0.1,2016-03-12T16:41:41.000Z
3/12/16,21:02:30,70,0.4,0.3,2016-03-12T21:02:30.000Z
3/13/16,00:42:07,62,0.6,0.1,2016-03-13T00:42:07.000Z
3/13/16,03:28:33,75,0.7,0.3,2016-03-13T03:28:33.000Z
3/13/16,06:41:39,85,0.2,0.5,2016-03-13T06:41:39.000Z
3/13/16,09:47:47,66,0.4,0.2,2016-03-13T09:47:47.000Z
3/13/16,14:54:32,87,0.1,0.5,2016-03-13T14:54:32.000Z
3/13/16,18:55:38,50,0.1,0.5,2016-03-13T18:55:38.000Z
3/13/16,21:59:50,60,0.4,0.3,2016-03-13T21:59:50.000Z
3/14/16,01:58:52,53,0.4,0.6,2016-03-14T01:58:52.000Z
3/14/16,03:37:51,85,0.5,0.7,2016-03-14T03:37:51.000Z
3/14/16,07:18:50,79,0.6,0.4,2016-03-14T07:18:50.000Z
3/14/16,10:56:57,87,0.7,1,2016-03-14T10:56:57.000Z
3/14/16,12:09:19,58,0.8,0.9,2016-03-14T12:09:19.000Z
3/14/16,15:34:06,58,0.4,1,2016-03-14T15:34:06.000Z
3/14/16,19:20:01,58,0.2,0.4,2016-03-14T19:20:01.000Z
3/15/16,01:35:32,81,0.3,0.9,2016-03-15T01:35:32.000Z
3/15/16,03:56:48,79,0.1,0.5,2016-03-15T03:56:48.000Z
3/15/16,06:20:12,84,1,0.7,2016-03-15T06:20:12.000Z
3/15/16,09:03:53,70,0.3,0.1,2016-03-15T09:03:53.000Z
3/15/16,12:16:13,62,0.8,0.3,2016-03-15T12:16:13.000Z
3/15/16,17:03:10,66,0.7,0.6,2016-03-15T17:03:10.000Z
3/15/16,19:01:02,54,0.6,1,2016-03-15T19:01:02.000Z
3/16/16,01:56:40,62,0.2,0.6,2016-03-16T01:56:40.000Z
3/16/16,04:40:03,55,1,0.5,2016-03-16T04:40:03.000Z
3/16/16,06:53:27,52,0.2,0.2,2016-03-16T06:53:27.000Z
3/16/16,10:34:45,54,0.8,0.9,2016-03-16T10:34:45.000Z
3/16/16,13:04:36,61,0.5,0.5,2016-03-16T13:04:36.000Z
3/16/16,15:21:20,58,0.4,0.3,2016-03-16T15:21:20.000Z
3/16/16,20:12:00,61,0.1,0,2016-03-16T20:12:00.000Z
3/17/16,01:43:22,65,0.2,0.2,2016-03-17T01:43:22.000Z
3/17/16,04:44:17,83,0.8,0.4,2016-03-17T04:44:17.000Z
3/17/16,08:53:42,51,0.2,0.5,2016-03-17T08:53:42.000Z
3/17/16,11:42:26,87,0.9,0.7,2016-03-17T11:42:26.000Z
3/17/16,12:18:55,74,0.7,0.6,2016-03-17T12:18:55.000Z
3/17/16,17:03:52,56,0.7,1,2016-03-17T17:03:52.000Z
3/17/16,23:13:53,89,0.7,0.4,2016-03-17T23:13:53.000Z
3/18/16,00:11:12,89,0.9,0.4,2016-03-18T00:11:12.000Z
3/18/16,03:03:48,73,0.6,0.1,2016-03-18T03:03:48.000Z
3/18/16,07:32:10,57,0.5,0.5,2016-03-18T07:32:10.000Z
3/18/16,10:45:15,76,0,0.8,2016-03-18T10:45:15.000Z
3/18/16,13:45:40,51,0.3,0.2,2016-03-18T13:45:40.000Z
3/18/16,17:49:57,84,0.1,0.9,2016-03-18T17:49:57.000Z
3/18/16,19:59:28,74,0.4,0.5,2016-03-18T19:59:28.000Z
3/19/16,00:46:36,73,0.1,1,2016-03-19T00:46:36.000Z
3/19/16,04:05:40,58,0.5,0.1,2016-03-19T04:05:40.000Z
3/19/16,07:03:24,68,0.9,0.9,2016-03-19T07:03:24.000Z
3/19/16,11:01:02,53,0.4,0.2,2016-03-19T11:01:02.000Z
3/19/16,12:25:42,75,0.1,0.6,2016-03-19T12:25:42.000Z
3/19/16,15:19:03,65,0.2,0.3,2016-03-19T15:19:03.000Z
3/19/16,20:38:41,89,0.9,0,2016-03-19T20:38:41.000Z
3/20/16,01:07:06,61,0.5,0.4,2016-03-20T01:07:06.000Z
3/20/16,03:33:32,80,0.6,0.4,2016-03-20T03:33:32.000Z
3/20/16,08:08:24,52,0.8,0.6,2016-03-20T08:08:24.000Z
3/20/16,09:54:43,86,0.6,0,2016-03-20T09:54:43.000Z
3/20/16,14:53:41,71,0.2,0.3,2016-03-20T14:53:41.000Z
3/20/16,18:57:55,55,0.9,0.9,2016-03-20T18:57:55.000Z
3/20/16,21:18:12,68,0.3,0.6,2016-03-20T21:18:12.000Z
3/21/16,00:50:37,55,0.2,0.4,2016-03-21T00:50:37.000Z
3/21/16,05:58:25,77,0.2,0.6,2016-03-21T05:58:25.000Z
3/21/16,08:22:46,51,0.2,0.3,2016-03-21T08:22:46.000Z
3/21/16,09:56:55,54,0.9,0.3,2016-03-21T09:56:55.000Z
3/21/16,13:09:59,68,0.6,0.5,2016-03-21T13:09:59.000Z
3/21/16,17:48:56,68,0.1,0,2016-03-21T17:48:56.000Z
3/21/16,21:14:46,76,0.2,0.1,2016-03-21T21:14:46.000Z
3/22/16,00:05:10,68,0.8,0.1,2016-03-22T00:05:10.000Z
3/22/16,04:02:59,81,0.7,1,2016-03-22T04:02:59.000Z
3/22/16,07:33:17,81,0.3,0.1,2016-03-22T07:33:17.000Z
3/22/16,09:19:33,51,0.2,1,2016-03-22T09:19:33.000Z
3/22/16,12:52:25,85,0.3,0.1,2016-03-22T12:52:25.000Z
3/22/16,17:48:38,56,0.3,0.8,2016-03-22T17:48:38.000Z
3/22/16,22:26:43,65,0.3,0.7,2016-03-22T22:26:43.000Z
3/23/16,02:55:51,67,0.9,0.8,2016-03-23T02:55:51.000Z
3/23/16,05:57:07,55,0.1,0.7,2016-03-23T05:57:07.000Z
3/23/16,07:47:34,60,0.1,1,2016-03-23T07:47:34.000Z
3/23/16,09:30:49,84,0.2,0.2,2016-03-23T09:30:49.000Z
3/23/16,12:25:23,85,0.5,0.4,2016-03-23T12:25:23.000Z
3/23/16,18:30:47,63,0.9,0,2016-03-23T18:30:47.000Z
3/23/16,19:59:23,53,0.5,0,2016-03-23T19:59:23.000Z
3/24/16,02:51:17,80,0.1,0.7,2016-03-24T02:51:17.000Z
3/24/16,04:56:46,81,0.8,0.5,2016-03-24T04:56:46.000Z
3/24/16,06:09:12,50,0.1,0.5,2016-03-24T06:09:12.000Z
3/24/16,10:42:08,64,0.2,0.7,2016-03-24T10:42:08.000Z
3/24/16,12:14:38,54,0.7,0.2,2016-03-24T12:14:38.000Z
3/24/16,17:19:41,82,0.3,0.8,2016-03-24T17:19:41.000Z
3/24/16,19:37:39,87,0.9,0.4,2016-03-24T19:37:39.000Z
3/25/16,00:00:52,50,0.9,1,2016-03-25T00:00:52.000Z
3/25/16,05:33:59,86,0.5,0,2016-03-25T05:33:59.000Z
3/25/16,08:14:49,53,0.7,0.1,2016-03-25T08:14:49.000Z
3/25/16,11:52:16,76,0.2,0.2,2016-03-25T11:52:16.000Z
3/25/16,12:37:14,50,0.9,0.5,2016-03-25T12:37:14.000Z
3/25/16,15:35:01,63,0.4,0.3,2016-03-25T15:35:01.000Z
3/25/16,19:33:00,83,0.5,0.8,2016-03-25T19:33:00.000Z
3/26/16,01:59:35,68,0.9,0,2016-03-26T01:59:35.000Z
3/26/16,04:37:38,83,0.9,0.6,2016-03-26T04:37:38.000Z
3/26/16,08:54:25,52,0.4,0.7,2016-03-26T08:54:25.000Z
3/26/16,10:52:42,75,0.1,0.2,2016-03-26T10:52:42.000Z
3/26/16,12:27:08,66,0.3,0.7,2016-03-26T12:27:08.000Z
3/26/16,15:02:20,76,0.4,0.2,2016-03-26T15:02:20.000Z
3/26/16,20:31:19,79,1,0.6,2016-03-26T20:31:19.000Z
3/27/16,02:59:14,57,0.3,0.7,2016-03-27T02:59:14.000Z
3/27/16,04:45:48,79,0.4,0.3,2016-03-27T04:45:48.000Z
3/27/16,08:31:48,78,0.6,0.3,2016-03-27T08:31:48.000Z
3/27/16,09:09:47,57,0.9,0.8,2016-03-27T09:09:47.000Z
3/27/16,14:48:31,84,0.2,0.8,2016-03-27T14:48:31.000Z
3/27/16,16:43:32,55,0.3,0.9,2016-03-27T16:43:32.000Z
3/27/16,22:10:07,69,0.1,0.3,2016-03-27T22:10:07.000Z
3/28/16,01:36:40,54,0.8,0.2,2016-03-28T01:36:40.000Z
3/28/16,03:45:03,82,0.3,0.3,2016-03-28T03:45:03.000Z
3/28/16,06:29:09,53,0.7,0.7,2016-03-28T06:29:09.000Z
3/28/16,11:40:12,73,0.2,0.9,2016-03-28T11:40:12.000Z
3/28/16,13:20:24,76,0.6,0.3,2016-03-28T13:20:24.000Z
3/28/16,15:59:58,88,1,0.1,2016-03-28T15:59:58.000Z
3/28/16,23:47:27,78,0.8,0,2016-03-28T23:47:27.000Z
3/29/16,00:01:28,72,0.4,0.2,2016-03-29T00:01:28.000Z
3/29/16,05:51:06,63,0.1,0.3,2016-03-29T05:51:06.000Z
3/29/16,07:18:03,80,0.5,0.6,2016-03-29T07:18:03.000Z
3/29/16,11:22:59,71,0.8,0.2,2016-03-29T11:22:59.000Z
3/29/16,13:13:36,82,0.1,0.6,2016-03-29T13:13:36.000Z
3/29/16,15:45:50,76,0.6,0.4,2016-03-29T15:45:50.000Z
3/29/16,19:20:48,83,0.2,0.4,2016-03-29T19:20:48.000Z
3/30/16,02:51:53,83,0.3,0.7,2016-03-30T02:51:53.000Z
3/30/16,05:46:53,75,0.5,0.8,2016-03-30T05:46:53.000Z
3/30/16,07:21:23,75,0.3,0.7,2016-03-30T07:21:23.000Z
3/30/16,11:40:16,52,0.1,0.2,2016-03-30T11:40:16.000Z
3/30/16,12:09:13,80,1,1,2016-03-30T12:09:13.000Z
3/30/16,17:39:25,88,0.7,0.9,2016-03-30T17:39:25.000Z
3/30/16,21:18:29,76,0.2,0.7,2016-03-30T21:18:29.000Z
3/31/16,01:23:15,68,0.5,0.4,2016-03-31T01:23:15.000Z
3/31/16,03:37:47,76,0.9,0.6,2016-03-31T03:37:47.000Z
3/31/16,07:05:12,81,0.9,0.8,2016-03-31T07:05:12.000Z
3/31/16,10:15:47,64,0.4,0.2,2016-03-31T10:15:47.000Z
3/31/16,13:26:33,83,0.6,0.7,2016-03-31T13:26:33.000Z
3/31/16,16:14:30,79,0.2,1,2016-03-31T16:14:30.000Z
3/31/16,21:23:53,74,0.2,0.9,2016-03-31T21:23:53.000Z
4/1/16,02:02:31,75,0.4,0.2,2016-04-01T02:02:31.000Z
4/1/16,05:24:16,70,0.7,0.9,2016-04-01T05:24:16.000Z
4/1/16,08:36:49,71,0.1,0.5,2016-04-01T08:36:49.000Z
4/1/16,09:34:37,60,0.3,0.6,2016-04-01T09:34:37.000Z
4/1/16,12:38:41,81,0.5,0.5,2016-04-01T12:38:41.000Z
4/1/16,15:59:46,54,0.8,0.9,2016-04-01T15:59:46.000Z
4/1/16,22:48:18,79,0,0.6,2016-04-01T22:48:18.000Z
4/2/16,01:29:45,76,0.8,0.7,2016-04-02T01:29:45.000Z
4/2/16,03:27:24,77,0.5,0,2016-04-02T03:27:24.000Z
4/2/16,07:28:27,66,0.6,0.6,2016-04-02T07:28:27.000Z
4/2/16,11:15:08,57,0.2,0.4,2016-04-02T11:15:08.000Z
4/2/16,13:53:57,73,0.1,0.6,2016-04-02T13:53:57.000Z
4/2/16,18:46:48,84,0,0.6,2016-04-02T18:46:48.000Z
4/2/16,22:38:35,79,0.8,0.8,2016-04-02T22:38:35.000Z
4/3/16,01:12:18,77,0.8,0,2016-04-03T01:12:18.000Z
4/3/16,05:36:48,55,0.1,0.7,2016-04-03T05:36:48.000Z
4/3/16,06:36:52,75,0.4,0.6,2016-04-03T06:36:52.000Z
4/3/16,11:53:03,50,0.4,0.6,2016-04-03T11:53:03.000Z
4/3/16,12:50:12,61,0.9,0.1,2016-04-03T12:50:12.000Z
4/3/16,18:38:42,68,0.8,0.6,2016-04-03T18:38:42.000Z
4/3/16,21:59:13,75,0.3,0.9,2016-04-03T21:59:13.000Z
4/4/16,02:37:47,89,0.6,0.7,2016-04-04T02:37:47.000Z
4/4/16,03:04:09,59,0.9,0.4,2016-04-04T03:04:09.000Z
4/4/16,06:55:19,75,0.3,0.3,2016-04-04T06:55:19.000Z
4/4/16,10:04:13,82,1,0.1,2016-04-04T10:04:13.000Z
4/4/16,12:21:52,69,0.5,0.7,2016-04-04T12:21:52.000Z
4/4/16,18:02:08,57,0.9,0.3,2016-04-04T18:02:08.000Z
4/4/16,22:26:59,88,0.7,0.1,2016-04-04T22:26:59.000Z
4/5/16,01:07:34,86,0.7,0.5,2016-04-05T01:07:34.000Z
4/5/16,03:04:18,87,0.5,0.9,2016-04-05T03:04:18.000Z
4/5/16,08:23:03,62,0.9,1,2016-04-05T08:23:03.000Z
4/5/16,09:33:45,54,0.7,0.7,2016-04-05T09:33:45.000Z
4/5/16,12:46:48,79,0.2,0.6,2016-04-05T12:46:48.000Z
4/5/16,18:04:17,64,1,0.2,2016-04-05T18:04:17.000Z
4/5/16,22:31:01,57,0.8,0.9,2016-04-05T22:31:01.000Z
4/6/16,00:33:09,63,0.2,0.6,2016-04-06T00:33:09.000Z
4/6/16,05:56:56,80,0.7,0.9,2016-04-06T05:56:56.000Z
4/6/16,08:11:14,80,0.4,0.5,2016-04-06T08:11:14.000Z
4/6/16,10:53:50,51,0,0.5,2016-04-06T10:53:50.000Z
4/6/16,13:40:52,67,0.9,0.6,2016-04-06T13:40:52.000Z
4/6/16,18:13:43,76,0.8,0.5,2016-04-06T18:13:43.000Z
4/6/16,22:32:47,74,0.7,0.6,2016-04-06T22:32:47.000Z
4/7/16,02:41:24,66,0,0.2,2016-04-07T02:41:24.000Z
4/7/16,05:26:15,85,0,0.2,2016-04-07T05:26:15.000Z
4/7/16,08:54:03,59,0.2,0.7,2016-04-07T08:54:03.000Z
4/7/16,09:54:35,56,0.6,0.4,2016-04-07T09:54:35.000Z
4/7/16,13:21:56,51,0.7,0.8,2016-04-07T13:21:56.000Z
4/7/16,17:48:00,68,1,0.3,2016-04-07T17:48:00.000Z
4/7/16,22:30:07,77,0.4,0.4,2016-04-07T22:30:07.000Z
4/8/16,02:15:57,63,0.6,0.6,2016-04-08T02:15:57.000Z
4/8/16,05:31:59,53,0.9,0.2,2016-04-08T05:31:59.000Z
4/8/16,06:58:21,62,0.6,0.8,2016-04-08T06:58:21.000Z
4/8/16,11:36:33,83,0.7,1,2016-04-08T11:36:33.000Z
4/8/16,12:18:23,84,0.8,0.5,2016-04-08T12:18:23.000Z
4/8/16,15:42:49,56,0,0.6,2016-04-08T15:42:49.000Z
4/8/16,23:52:38,66,0.9,0.2,2016-04-08T23:52:38.000Z
4/9/16,01:06:52,55,0.3,0.2,2016-04-09T01:06:52.000Z
4/9/16,03:30:41,72,0.6,0.3,2016-04-09T03:30:41.000Z
4/9/16,06:27:52,52,0.8,0.7,2016-04-09T06:27:52.000Z
4/9/16,09:32:17,72,0.2,0.1,2016-04-09T09:32:17.000Z
4/9/16,13:38:46,84,0.3,0.9,2016-04-09T13:38:46.000Z
4/9/16,16:46:26,75,0.2,0.5,2016-04-09T16:46:26.000Z
4/9/16,19:28:48,52,0.7,0.7,2016-04-09T19:28:48.000Z
4/10/16,00:12:25,80,0,0.8,2016-04-10T00:12:25.000Z
4/10/16,03:20:52,69,0.1,0.7,2016-04-10T03:20:52.000Z
4/10/16,08:43:26,90,0,0.2,2016-04-10T08:43:26.000Z
4/10/16,09:40:01,61,0.3,0.7,2016-04-10T09:40:01.000Z
4/10/16,14:40:19,69,0.3,0.6,2016-04-10T14:40:19.000Z
4/10/16,15:26:54,80,0.2,0.7,2016-04-10T15:26:54.000Z
4/10/16,20:41:35,65,0.5,0.6,2016-04-10T20:41:35.000Z
4/11/16,02:59:27,60,0.2,0.9,2016-04-11T02:59:27.000Z
4/11/16,05:50:18,86,1,0.8,2016-04-11T05:50:18.000Z
4/11/16,08:53:24,69,0.3,0.3,2016-04-11T08:53:24.000Z
4/11/16,10:23:27,65,0.6,0.8,2016-04-11T10:23:27.000Z
4/11/16,14:39:29,61,0.6,0.8,2016-04-11T14:39:29.000Z
4/11/16,15:21:32,89,0.9,1,2016-04-11T15:21:32.000Z
4/11/16,19:31:11,70,1,0.4,2016-04-11T19:31:11.000Z
4/12/16,01:45:05,52,0.9,0.1,2016-04-12T01:45:05.000Z
4/12/16,05:15:02,84,0.2,0.1,2016-04-12T05:15:02.000Z
4/12/16,06:37:39,64,0.2,0.7,2016-04-12T06:37:39.000Z
4/12/16,10:36:16,75,0.6,0.7,2016-04-12T10:36:16.000Z
4/12/16,12:18:36,67,1,0,2016-04-12T12:18:36.000Z
4/12/16,16:54:20,68,0.9,0.2,2016-04-12T16:54:20.000Z
4/12/16,21:07:09,52,0.3,0.9,2016-04-12T21:07:09.000Z
4/13/16,00:10:51,82,0.6,0.7,2016-04-13T00:10:51.000Z
4/13/16,05:37:30,89,0.6,1,2016-04-13T05:37:30.000Z
4/13/16,07:06:35,78,0.1,0.8,2016-04-13T07:06:35.000Z
4/13/16,11:47:04,83,0.1,0.4,2016-04-13T11:47:04.000Z
4/13/16,13:12:59,80,0.5,0.3,2016-04-13T13:12:59.000Z
4/13/16,18:17:14,58,1,1,2016-04-13T18:17:14.000Z
4/13/16,21:38:39,50,0.3,0.9,2016-04-13T21:38:39.000Z
4/14/16,00:18:38,69,0.4,0.6,2016-04-14T00:18:38.000Z
4/14/16,05:09:38,54,0.5,0.4,2016-04-14T05:09:38.000Z
4/14/16,06:51:45,77,0.3,0.7,2016-04-14T06:51:45.000Z
4/14/16,09:19:55,83,1,0.1,2016-04-14T09:19:55.000Z
4/14/16,14:46:35,87,0.6,0.8,2016-04-14T14:46:35.000Z
4/14/16,16:21:10,61,0.3,0.3,2016-04-14T16:21:10.000Z
4/14/16,21:56:19,52,0.1,0.4,2016-04-14T21:56:19.000Z
4/15/16,02:05:04,83,0.3,0.8,2016-04-15T02:05:04.000Z
4/15/16,04:17:33,70,0.6,0.4,2016-04-15T04:17:33.000Z
4/15/16,08:31:03,54,0.2,0.1,2016-04-15T08:31:03.000Z
4/15/16,10:42:12,83,0.2,0.2,2016-04-15T10:42:12.000Z
4/15/16,13:07:46,67,0.2,0.8,2016-04-15T13:07:46.000Z
4/15/16,17:12:08,64,0.8,0.7,2016-04-15T17:12:08.000Z
4/15/16,19:06:40,55,0.9,0.7,2016-04-15T19:06:40.000Z
4/16/16,01:56:01,73,0.6,0.3,2016-04-16T01:56:01.000Z
4/16/16,04:59:17,90,0.7,0,2016-04-16T04:59:17.000Z
4/16/16,06:25:29,74,0.6,0.5,2016-04-16T06:25:29.000Z
4/16/16,10:05:22,83,0.6,0.8,2016-04-16T10:05:22.000Z
4/16/16,12:03:26,67,0.3,1,2016-04-16T12:03:26.000Z
4/16/16,16:47:54,55,0.3,0.9,2016-04-16T16:47:54.000Z
4/16/16,20:13:31,90,0.7,0.9,2016-04-16T20:13:31.000Z
4/17/16,02:50:33,61,0.9,0.5,2016-04-17T02:50:33.000Z
4/17/16,04:49:51,67,0.9,0.7,2016-04-17T04:49:51.000Z
4/17/16,07:52:42,72,0.8,0.4,2016-04-17T07:52:42.000Z
4/17/16,10:29:23,55,0.9,0.6,2016-04-17T10:29:23.000Z
4/17/16,13:42:14,57,0.2,0.3,2016-04-17T13:42:14.000Z
4/17/16,15:53:01,69,0,0.1,2016-04-17T15:53:01.000Z
4/17/16,21:14:42,70,0.4,0.5,2016-04-17T21:14:42.000Z
4/18/16,02:47:45,67,0.8,0.6,2016-04-18T02:47:45.000Z
4/18/16,04:54:52,67,0.1,0.7,2016-04-18T04:54:52.000Z
4/18/16,06:34:29,69,0.5,0.1,2016-04-18T06:34:29.000Z
4/18/16,10:55:24,72,1,0.1,2016-04-18T10:55:24.000Z
4/18/16,13:06:50,69,0.1,0.7,2016-04-18T13:06:50.000Z
4/18/16,15:16:17,90,0.5,0.6,2016-04-18T15:16:17.000Z
4/18/16,19:15:45,75,0.2,0.2,2016-04-18T19:15:45.000Z
4/19/16,00:47:40,88,1,0.2,2016-04-19T00:47:40.000Z
4/19/16,03:49:50,70,0.7,0.1,2016-04-19T03:49:50.000Z
4/19/16,06:24:48,57,0.7,0.7,2016-04-19T06:24:48.000Z
4/19/16,10:22:30,60,0.3,0.8,2016-04-19T10:22:30.000Z
4/19/16,14:08:01,75,0.9,0.8,2016-04-19T14:08:01.000Z
4/19/16,16:55:47,90,0.6,0.1,2016-04-19T16:55:47.000Z
4/19/16,21:12:40,65,0.3,1,2016-04-19T21:12:40.000Z
4/20/16,00:28:13,73,0.1,0.5,2016-04-20T00:28:13.000Z
4/20/16,03:17:59,67,0.5,0.1,2016-04-20T03:17:59.000Z
4/20/16,07:41:54,81,0.2,0.7,2016-04-20T07:41:54.000Z
4/20/16,10:11:43,70,0.5,0.6,2016-04-20T10:11:43.000Z
4/20/16,12:58:28,51,0.6,0.8,2016-04-20T12:58:28.000Z
4/20/16,18:35:59,85,0.1,0.8,2016-04-20T18:35:59.000Z
4/20/16,19:41:18,63,0.7,0.2,2016-04-20T19:41:18.000Z
4/21/16,02:02:36,87,0.7,0.6,2016-04-21T02:02:36.000Z
4/21/16,04:53:42,61,0.4,0.9,2016-04-21T04:53:42.000Z
4/21/16,06:12:54,89,0.2,0.8,2016-04-21T06:12:54.000Z
4/21/16,10:25:30,88,1,0.9,2016-04-21T10:25:30.000Z
4/21/16,14:30:11,85,0.1,0.1,2016-04-21T14:30:11.000Z
4/21/16,15:06:46,64,0.2,0.3,2016-04-21T15:06:46.000Z
4/21/16,22:54:15,74,0.4,0.3,2016-04-21T22:54:15.000Z
4/22/16,01:56:40,84,0.7,0.2,2016-04-22T01:56:40.000Z
4/22/16,03:02:00,80,0.8,0.9,2016-04-22T03:02:00.000Z
4/22/16,08:05:18,52,0.8,0.7,2016-04-22T08:05:18.000Z
4/22/16,09:16:51,55,0.6,0.4,2016-04-22T09:16:51.000Z
4/22/16,12:53:56,57,0,0.6,2016-04-22T12:53:56.000Z
4/22/16,15:28:25,77,0.7,0.2,2016-04-22T15:28:25.000Z
4/22/16,22:36:35,82,0.5,0.1,2016-04-22T22:36:35.000Z
4/23/16,01:48:58,67,0.4,0.7,2016-04-23T01:48:58.000Z
4/23/16,03:41:08,61,0.2,0.7,2016-04-23T03:41:08.000Z
4/23/16,07:35:00,77,0,0.4,2016-04-23T07:35:00.000Z
4/23/16,09:01:43,80,0.8,0.6,2016-04-23T09:01:43.000Z
4/23/16,12:55:00,66,0.3,0.3,2016-04-23T12:55:00.000Z
4/23/16,17:09:33,52,1,0.4,2016-04-23T17:09:33.000Z
4/23/16,23:04:35,84,0.2,0.5,2016-04-23T23:04:35.000Z
4/24/16,01:53:27,90,0.6,0.6,2016-04-24T01:53:27.000Z
4/24/16,04:05:01,55,0.9,0.1,2016-04-24T04:05:01.000Z
4/24/16,08:27:18,78,0.5,0.1,2016-04-24T08:27:18.000Z
4/24/16,10:21:55,80,0.8,0.9,2016-04-24T10:21:55.000Z
4/24/16,12:19:17,56,0.7,0.5,2016-04-24T12:19:17.000Z
4/24/16,17:05:07,57,0.4,0.4,2016-04-24T17:05:07.000Z
4/24/16,22:01:59,57,0.4,0.8,2016-04-24T22:01:59.000Z
4/25/16,00:33:32,59,0.9,1,2016-04-25T00:33:32.000Z
4/25/16,04:49:32,87,0.4,1,2016-04-25T04:49:32.000Z
4/25/16,08:23:17,54,0.8,0.7,2016-04-25T08:23:17.000Z
4/25/16,09:34:11,83,0.6,0.7,2016-04-25T09:34:11.000Z
4/25/16,13:04:33,62,0.3,0.2,2016-04-25T13:04:33.000Z
4/25/16,18:14:44,77,1,0,2016-04-25T18:14:44.000Z
4/25/16,23:35:08,62,0.9,0.1,2016-04-25T23:35:08.000Z
4/26/16,02:35:14,58,0.8,1,2016-04-26T02:35:14.000Z
4/26/16,04:44:27,55,0.7,0.8,2016-04-26T04:44:27.000Z
4/26/16,06:07:46,81,1,0.3,2016-04-26T06:07:46.000Z
4/26/16,10:13:23,82,0.9,0.1,2016-04-26T10:13:23.000Z
4/26/16,12:06:52,53,1,0.7,2016-04-26T12:06:52.000Z
4/26/16,17:41:02,65,0.3,0.1,2016-04-26T17:41:02.000Z
4/26/16,23:31:17,60,0.6,0.6,2016-04-26T23:31:17.000Z
4/27/16,00:09:53,70,0.9,0.6,2016-04-27T00:09:53.000Z
4/27/16,05:01:42,85,0.2,0.1,2016-04-27T05:01:42.000Z
4/27/16,07:11:34,74,0.6,0.1,2016-04-27T07:11:34.000Z
4/27/16,09:08:53,63,0.9,0.6,2016-04-27T09:08:53.000Z
4/27/16,12:33:08,88,0.3,0.1,2016-04-27T12:33:08.000Z
4/27/16,17:42:17,82,1,0.6,2016-04-27T17:42:17.000Z
4/27/16,20:23:47,60,0.2,0.8,2016-04-27T20:23:47.000Z
4/28/16,02:10:08,79,0.8,1,2016-04-28T02:10:08.000Z
4/28/16,04:50:03,76,0.5,0.8,2016-04-28T04:50:03.000Z
4/28/16,06:16:37,83,0.8,0.8,2016-04-28T06:16:37.000Z
4/28/16,10:57:08,57,0.4,0.3,2016-04-28T10:57:08.000Z
4/28/16,12:05:08,69,0,0.5,2016-04-28T12:05:08.000Z
4/28/16,17:38:24,89,0,0.9,2016-04-28T17:38:24.000Z
4/28/16,23:40:41,71,0.6,0.3,2016-04-28T23:40:41.000Z
4/29/16,00:14:46,65,0.8,0.8,2016-04-29T00:14:46.000Z
4/29/16,05:44:23,57,0.7,0.3,2016-04-29T05:44:23.000Z
4/29/16,07:33:16,65,0.8,0.3,2016-04-29T07:33:16.000Z
4/29/16,09:23:13,50,0.8,0.1,2016-04-29T09:23:13.000Z
4/29/16,14:47:44,82,0,1,2016-04-29T14:47:44.000Z
4/29/16,18:20:01,75,0.6,0.8,2016-04-29T18:20:01.000Z
4/29/16,20:13:55,51,0.9,0.6,2016-04-29T20:13:55.000Z
4/30/16,00:57:48,66,0.3,0.9,2016-04-30T00:57:48.000Z
4/30/16,05:20:53,51,1,0.2,2016-04-30T05:20:53.000Z
4/30/16,08:08:17,56,0.5,0.5,2016-04-30T08:08:17.000Z
4/30/16,11:57:15,89,0.4,0.5,2016-04-30T11:57:15.000Z
4/30/16,14:43:34,65,0.6,0.3,2016-04-30T14:43:34.000Z
4/30/16,17:15:50,90,0.3,0.5,2016-04-30T17:15:50.000Z
4/30/16,22:45:40,73,0.9,0.1,2016-04-30T22:45:40.000Z
5/1/16,00:42:51,81,0.8,0.9,2016-05-01T00:42:51.000Z
5/1/16,04:10:00,51,0.8,0.4,2016-05-01T04:10:00.000Z
5/1/16,08:55:45,59,0,0.5,2016-05-01T08:55:45.000Z
5/1/16,09:00:02,70,0,0.9,2016-05-01T09:00:02.000Z
5/1/16,13:09:06,55,0.2,1,2016-05-01T13:09:06.000Z
5/1/16,15:57:44,70,0.1,0.1,2016-05-01T15:57:44.000Z
5/1/16,22:21:52,56,0,0.5,2016-05-01T22:21:52.000Z
5/2/16,00:31:10,74,0.1,0.4,2016-05-02T00:31:10.000Z
5/2/16,04:01:58,71,0.5,0.6,2016-05-02T04:01:58.000Z
5/2/16,08:25:44,79,0.7,0.9,2016-05-02T08:25:44.000Z
5/2/16,11:00:52,58,0.1,0.4,2016-05-02T11:00:52.000Z
5/2/16,12:42:32,76,0.8,0.1,2016-05-02T12:42:32.000Z
5/2/16,16:42:23,84,0.2,0.7,2016-05-02T16:42:23.000Z
5/2/16,23:55:08,80,0.4,1,2016-05-02T23:55:08.000Z
5/3/16,02:13:12,63,0.4,1,2016-05-03T02:13:12.000Z
5/3/16,04:24:19,83,0.7,0.1,2016-05-03T04:24:19.000Z
5/3/16,07:48:06,72,0.1,0.7,2016-05-03T07:48:06.000Z
5/3/16,10:25:02,83,0.3,0.7,2016-05-03T10:25:02.000Z
5/3/16,14:04:16,59,0.4,0.6,2016-05-03T14:04:16.000Z
5/3/16,15:12:24,50,0.4,0.8,2016-05-03T15:12:24.000Z
5/3/16,21:57:00,58,0.9,0.2,2016-05-03T21:57:00.000Z
5/4/16,00:11:46,82,0.6,0.8,2016-05-04T00:11:46.000Z
5/4/16,04:53:31,56,0.4,0,2016-05-04T04:53:31.000Z
5/4/16,07:20:04,76,0.7,0.9,2016-05-04T07:20:04.000Z
5/4/16,10:00:19,57,0.2,0.7,2016-05-04T10:00:19.000Z
5/4/16,14:31:58,63,0.3,0.9,2016-05-04T14:31:58.000Z
5/4/16,16:19:33,61,0.4,0.9,2016-05-04T16:19:33.000Z
5/4/16,21:52:56,61,0.1,0.2,2016-05-04T21:52:56.000Z
5/5/16,02:11:48,83,0.1,0.4,2016-05-05T02:11:48.000Z
5/5/16,04:12:08,73,0.5,0.6,2016-05-05T04:12:08.000Z
5/5/16,07:14:13,53,0.8,0.3,2016-05-05T07:14:13.000Z
5/5/16,09:57:34,69,0.7,0.2,2016-05-05T09:57:34.000Z
5/5/16,13:59:38,65,0,0.2,2016-05-05T13:59:38.000Z
5/5/16,17:38:51,58,0.3,0,2016-05-05T17:38:51.000Z
5/5/16,20:56:28,80,0,0.1,2016-05-05T20:56:28.000Z
5/6/16,02:49:53,57,0.3,0.1,2016-05-06T02:49:53.000Z
5/6/16,05:45:49,60,0.8,0.6,2016-05-06T05:45:49.000Z
5/6/16,07:23:43,70,0.8,0.9,2016-05-06T07:23:43.000Z
5/6/16,10:22:20,73,0.1,0.9,2016-05-06T10:22:20.000Z
5/6/16,13:41:10,84,0.6,0.9,2016-05-06T13:41:10.000Z
5/6/16,15:47:03,88,0.3,0.6,2016-05-06T15:47:03.000Z
5/6/16,20:37:46,79,0.8,0,2016-05-06T20:37:46.000Z
5/7/16,00:12:41,81,0.3,0.1,2016-05-07T00:12:41.000Z
5/7/16,04:54:33,54,0.1,0.6,2016-05-07T04:54:33.000Z
5/7/16,06:48:55,67,0.3,0.9,2016-05-07T06:48:55.000Z
5/7/16,09:58:40,70,0.7,1,2016-05-07T09:58:40.000Z
5/7/16,13:18:28,52,0.9,0.4,2016-05-07T13:18:28.000Z
5/7/16,17:58:18,78,0.8,0.1,2016-05-07T17:58:18.000Z
5/7/16,20:26:17,70,0.1,0,2016-05-07T20:26:17.000Z
5/8/16,01:25:19,75,0.1,0.9,2016-05-08T01:25:19.000Z
5/8/16,05:01:02,54,0.7,0.7,2016-05-08T05:01:02.000Z
5/8/16,07:41:29,50,0.3,0.8,2016-05-08T07:41:29.000Z
5/8/16,09:35:44,63,0.4,0.7,2016-05-08T09:35:44.000Z
5/8/16,14:52:15,79,1,0.2,2016-05-08T14:52:15.000Z
5/8/16,15:27:05,85,0.8,0.2,2016-05-08T15:27:05.000Z
5/8/16,20:08:29,74,0,1,2016-05-08T20:08:29.000Z
5/9/16,01:54:23,82,0.4,0.4,2016-05-09T01:54:23.000Z
5/9/16,04:00:26,51,0.5,0.6,2016-05-09T04:00:26.000Z
5/9/16,06:29:00,55,0.5,0.8,2016-05-09T06:29:00.000Z
5/9/16,10:12:49,83,0.9,1,2016-05-09T10:12:49.000Z
5/9/16,13:57:26,53,0.9,0.3,2016-05-09T13:57:26.000Z
5/9/16,18:11:29,69,0.3,0.6,2016-05-09T18:11:29.000Z
5/9/16,21:52:14,89,0.8,0.3,2016-05-09T21:52:14.000Z
5/10/16,00:30:15,60,0.6,0.6,2016-05-10T00:30:15.000Z
5/10/16,04:17:44,68,0.2,0.9,2016-05-10T04:17:44.000Z
5/10/16,06:53:00,72,0.9,0.8,2016-05-10T06:53:00.000Z
5/10/16,09:11:40,57,0.5,0.6,2016-05-10T09:11:40.000Z
5/10/16,13:19:24,57,0.4,0.1,2016-05-10T13:19:24.000Z
5/10/16,16:01:32,54,0.1,0.7,2016-05-10T16:01:32.000Z
5/10/16,19:28:18,88,0.3,0.2,2016-05-10T19:28:18.000Z
5/11/16,02:28:30,63,0.6,0.6,2016-05-11T02:28:30.000Z
5/11/16,04:16:12,55,0.3,0.2,2016-05-11T04:16:12.000Z
5/11/16,08:09:32,81,1,0.3,2016-05-11T08:09:32.000Z
5/11/16,09:08:47,66,1,0.8,2016-05-11T09:08:47.000Z
5/11/16,12:35:58,78,0.9,0.7,2016-05-11T12:35:58.000Z
5/11/16,17:19:11,74,0.3,0.6,2016-05-11T17:19:11.000Z
5/11/16,22:10:18,87,0.9,0.3,2016-05-11T22:10:18.000Z
5/12/16,00:43:01,58,0.6,0.3,2016-05-12T00:43:01.000Z
5/12/16,05:01:25,84,0.8,0.6,2016-05-12T05:01:25.000Z
5/12/16,07:38:17,54,0.7,0.4,2016-05-12T07:38:17.000Z
5/12/16,09:21:25,62,0.6,0.8,2016-05-12T09:21:25.000Z
5/12/16,12:12:22,78,0.1,0.8,2016-05-12T12:12:22.000Z
5/12/16,15:58:42,63,0.8,0.3,2016-05-12T15:58:42.000Z
5/12/16,22:41:31,80,0.1,0.5,2016-05-12T22:41:31.000Z
5/13/16,01:02:02,75,0.9,0.3,2016-05-13T01:02:02.000Z
5/13/16,04:16:26,76,1,0.8,2016-05-13T04:16:26.000Z
5/13/16,08:34:31,63,0.3,0.8,2016-05-13T08:34:31.000Z
5/13/16,10:35:43,74,0.4,0.4,2016-05-13T10:35:43.000Z
5/13/16,12:17:55,58,0.7,0.7,2016-05-13T12:17:55.000Z
5/13/16,18:58:19,82,0.6,0.9,2016-05-13T18:58:19.000Z
5/13/16,19:36:52,71,0.6,0.5,2016-05-13T19:36:52.000Z
5/14/16,00:39:13,57,0.5,0.3,2016-05-14T00:39:13.000Z
5/14/16,03:22:32,71,0.9,0.9,2016-05-14T03:22:32.000Z
5/14/16,07:13:37,67,0.5,0.5,2016-05-14T07:13:37.000Z
5/14/16,11:59:46,56,0.4,0.6,2016-05-14T11:59:46.000Z
5/14/16,14:14:05,62,0.7,0,2016-05-14T14:14:05.000Z
5/14/16,17:47:00,70,0.9,0.9,2016-05-14T17:47:00.000Z
5/14/16,19:10:21,85,0.6,0.5,2016-05-14T19:10:21.000Z
5/15/16,00:37:20,87,0.3,0.1,2016-05-15T00:37:20.000Z
5/15/16,04:32:26,63,0.1,0.5,2016-05-15T04:32:26.000Z
5/15/16,06:08:19,72,0.1,0.1,2016-05-15T06:08:19.000Z
5/15/16,11:01:19,81,1,0.7,2016-05-15T11:01:19.000Z
5/15/16,12:39:49,73,1,0.6,2016-05-15T12:39:49.000Z
5/15/16,15:51:12,54,0.5,0.2,2016-05-15T15:51:12.000Z
5/15/16,22:43:23,82,0.7,0.5,2016-05-15T22:43:23.000Z
5/16/16,00:37:04,59,0.4,0.4,2016-05-16T00:37:04.000Z
5/16/16,05:56:41,57,0,0.6,2016-05-16T05:56:41.000Z
5/16/16,06:38:54,71,0.1,0,2016-05-16T06:38:54.000Z
5/16/16,11:20:39,66,0.7,0.5,2016-05-16T11:20:39.000Z
5/16/16,14:01:20,80,0.9,0.2,2016-05-16T14:01:20.000Z
5/16/16,17:59:26,78,0.7,0.7,2016-05-16T17:59:26.000Z
5/16/16,19:40:42,57,0.5,0.9,2016-05-16T19:40:42.000Z
5/17/16,01:18:08,66,0.9,0.5,2016-05-17T01:18:08.000Z
5/17/16,05:15:28,87,0.5,0,2016-05-17T05:15:28.000Z
5/17/16,07:36:09,69,0.3,0.7,2016-05-17T07:36:09.000Z
5/17/16,10:38:56,90,0.8,0.8,2016-05-17T10:38:56.000Z
5/17/16,14:42:09,62,0.7,1,2016-05-17T14:42:09.000Z
5/17/16,18:24:10,55,0.2,0.5,2016-05-17T18:24:10.000Z
5/17/16,23:31:27,80,0.6,0.2,2016-05-17T23:31:27.000Z
5/18/16,00:50:46,87,0.8,0.8,2016-05-18T00:50:46.000Z
5/18/16,03:09:56,88,0.6,0,2016-05-18T03:09:56.000Z
5/18/16,07:44:39,81,0.5,0.1,2016-05-18T07:44:39.000Z
5/18/16,09:40:11,58,0.1,0.3,2016-05-18T09:40:11.000Z
5/18/16,13:27:02,84,0.9,0.9,2016-05-18T13:27:02.000Z
5/18/16,15:05:32,55,0.6,0.9,2016-05-18T15:05:32.000Z
5/18/16,20:31:50,66,0.2,0.8,2016-05-18T20:31:50.000Z
5/19/16,02:09:04,87,0.2,0.8,2016-05-19T02:09:04.000Z
5/19/16,03:29:37,75,0.3,0.8,2016-05-19T03:29:37.000Z
5/19/16,06:48:14,64,0.9,0.3,2016-05-19T06:48:14.000Z
5/19/16,11:11:13,68,0.3,1,2016-05-19T11:11:13.000Z
5/19/16,13:03:10,51,0.3,0.4,2016-05-19T13:03:10.000Z
5/19/16,15:27:00,79,0.5,0.3,2016-05-19T15:27:00.000Z
5/19/16,21:42:42,59,0.4,0.8,2016-05-19T21:42:42.000Z
5/20/16,02:33:03,55,0.5,0.8,2016-05-20T02:33:03.000Z
5/20/16,04:07:41,89,0.2,0.9,2016-05-20T04:07:41.000Z
5/20/16,07:06:54,79,0.1,0.8,2016-05-20T07:06:54.000Z
5/20/16,10:28:03,59,0.9,0.9,2016-05-20T10:28:03.000Z
5/20/16,12:24:02,69,0.5,0.7,2016-05-20T12:24:02.000Z
5/20/16,17:07:35,54,0.8,0.4,2016-05-20T17:07:35.000Z
5/20/16,22:16:22,78,0.7,0,2016-05-20T22:16:22.000Z
5/21/16,02:30:34,85,0.4,0.1,2016-05-21T02:30:34.000Z
5/21/16,04:16:25,83,0.3,0.3,2016-05-21T04:16:25.000Z
5/21/16,06:10:58,71,0.8,0.3,2016-05-21T06:10:58.000Z
5/21/16,11:42:30,86,1,0.4,2016-05-21T11:42:30.000Z
5/21/16,12:14:42,53,0.9,0.1,2016-05-21T12:14:42.000Z
5/21/16,18:48:07,82,0.2,0.2,2016-05-21T18:48:07.000Z
5/21/16,19:27:25,52,1,0.5,2016-05-21T19:27:25.000Z
5/22/16,01:30:46,87,0.2,0.8,2016-05-22T01:30:46.000Z
5/22/16,05:49:20,85,0.8,0.9,2016-05-22T05:49:20.000Z
5/22/16,07:19:02,89,0.6,1,2016-05-22T07:19:02.000Z
5/22/16,11:21:24,78,0.4,0.1,2016-05-22T11:21:24.000Z
5/22/16,14:06:01,55,0.8,0.4,2016-05-22T14:06:01.000Z
5/22/16,18:35:24,61,0.3,0.7,2016-05-22T18:35:24.000Z
5/22/16,23:58:25,79,0.1,0.8,2016-05-22T23:58:25.000Z
5/23/16,00:45:45,77,0,0.5,2016-05-23T00:45:45.000Z
5/23/16,05:54:27,59,0.4,0.1,2016-05-23T05:54:27.000Z
5/23/16,07:09:26,81,0.2,0.2,2016-05-23T07:09:26.000Z
5/23/16,11:38:55,52,0,0.4,2016-05-23T11:38:55.000Z
5/23/16,14:58:36,67,0.8,0.9,2016-05-23T14:58:36.000Z
5/23/16,18:45:21,56,0.2,0.6,2016-05-23T18:45:21.000Z
5/23/16,22:40:15,63,0.2,0.4,2016-05-23T22:40:15.000Z
5/24/16,02:11:10,64,0.1,0.1,2016-05-24T02:11:10.000Z
5/24/16,05:21:47,71,0.6,1,2016-05-24T05:21:47.000Z
5/24/16,08:43:44,63,0.5,0.1,2016-05-24T08:43:44.000Z
5/24/16,10:09:00,72,0.6,1,2016-05-24T10:09:00.000Z
5/24/16,12:37:14,71,0.6,0.3,2016-05-24T12:37:14.000Z
5/24/16,15:14:58,60,0.3,0.8,2016-05-24T15:14:58.000Z
5/24/16,23:20:21,82,0.4,0.3,2016-05-24T23:20:21.000Z
5/25/16,01:33:24,66,0.2,0.4,2016-05-25T01:33:24.000Z
5/25/16,03:30:11,51,0.1,0.5,2016-05-25T03:30:11.000Z
5/25/16,08:55:55,75,0.2,0.3,2016-05-25T08:55:55.000Z
5/25/16,09:49:05,84,0.7,0.2,2016-05-25T09:49:05.000Z
5/25/16,14:33:22,86,0.8,0.5,2016-05-25T14:33:22.000Z
5/25/16,16:31:31,51,0.6,0.8,2016-05-25T16:31:31.000Z
5/25/16,19:42:32,87,0.5,0.2,2016-05-25T19:42:32.000Z
5/26/16,00:40:30,80,0.1,1,2016-05-26T00:40:30.000Z
5/26/16,05:17:05,77,0.9,0.8,2016-05-26T05:17:05.000Z
5/26/16,08:32:33,66,0.5,0.5,2016-05-26T08:32:33.000Z
5/26/16,11:12:32,75,0.6,0.5,2016-05-26T11:12:32.000Z
5/25/16,14:26:29,86,0.3,0.7,2016-05-25T14:26:29.000Z
5/25/16,17:48:34,62,0.5,0.6,2016-05-25T17:48:34.000Z
5/25/16,20:44:41,88,0.6,0.5,2016-05-25T20:44:41.000Z
5/26/16,00:36:08,89,0,0.2,2016-05-26T00:36:08.000Z
5/26/16,05:59:03,63,0.2,0.7,2016-05-26T05:59:03.000Z
5/26/16,07:14:27,75,0.6,0.4,2016-05-26T07:14:27.000Z
5/26/16,11:05:34,88,0.1,0.7,2016-05-26T11:05:34.000Z
5/26/16,13:55:34,76,0.1,0.3,2016-05-26T13:55:34.000Z
5/26/16,15:15:07,80,1,0.8,2016-05-26T15:15:07.000Z
5/26/16,23:32:42,51,0.3,0.6,2016-05-26T23:32:42.000Z
5/27/16,01:24:59,87,0.3,0.1,2016-05-27T01:24:59.000Z
5/27/16,05:56:49,71,0.9,1,2016-05-27T05:56:49.000Z
5/27/16,08:14:30,58,0.9,0.6,2016-05-27T08:14:30.000Z
5/27/16,10:23:50,61,0.5,1,2016-05-27T10:23:50.000Z
5/27/16,14:42:25,50,0.8,0.6,2016-05-27T14:42:25.000Z
5/27/16,15:29:19,66,0,0.6,2016-05-27T15:29:19.000Z
5/27/16,21:41:58,87,0.1,0.2,2016-05-27T21:41:58.000Z
5/28/16,01:22:58,70,0.1,0.9,2016-05-28T01:22:58.000Z
5/28/16,05:28:17,65,0.5,0.4,2016-05-28T05:28:17.000Z
5/28/16,07:47:43,84,0.3,0.3,2016-05-28T07:47:43.000Z
5/28/16,09:55:44,56,0.8,0.1,2016-05-28T09:55:44.000Z
5/28/16,14:17:45,55,0.3,0.5,2016-05-28T14:17:45.000Z
5/28/16,15:32:32,74,0.1,0.2,2016-05-28T15:32:32.000Z
5/28/16,20:46:50,52,0.2,1,2016-05-28T20:46:50.000Z
5/29/16,02:34:22,75,0.7,0.8,2016-05-29T02:34:22.000Z
5/29/16,05:26:52,68,0.9,1,2016-05-29T05:26:52.000Z
5/29/16,08:16:15,54,0.2,0.2,2016-05-29T08:16:15.000Z
5/29/16,11:30:11,87,0.4,0.2,2016-05-29T11:30:11.000Z
5/29/16,13:40:48,66,0,0.3,2016-05-29T13:40:48.000Z
5/29/16,18:53:13,56,0.7,0.9,2016-05-29T18:53:13.000Z
5/29/16,22:49:54,84,0.6,0.1,2016-05-29T22:49:54.000Z
5/30/16,01:30:16,61,0,0.3,2016-05-30T01:30:16.000Z
5/30/16,03:28:03,70,0.7,0.1,2016-05-30T03:28:03.000Z
5/30/16,07:22:49,51,0.4,0,2016-05-30T07:22:49.000Z
5/30/16,11:34:44,90,0.7,0.4,2016-05-30T11:34:44.000Z
5/30/16,13:57:08,78,0.4,0.4,2016-05-30T13:57:08.000Z
5/30/16,18:04:50,76,1,0.3,2016-05-30T18:04:50.000Z
5/30/16,19:49:09,90,0.6,0.2,2016-05-30T19:49:09.000Z
6/1/16,02:01:23,66,0.9,0.6,2016-06-01T02:01:23.000Z
6/1/16,04:13:09,56,0.6,0.1,2016-06-01T04:13:09.000Z
6/1/16,08:07:59,53,0.3,0.1,2016-06-01T08:07:59.000Z
6/1/16,09:39:09,56,1,1,2016-06-01T09:39:09.000Z
6/1/16,12:13:13,52,0.8,0.2,2016-06-01T12:13:13.000Z
6/1/16,18:56:44,73,0.1,0.7,2016-06-01T18:56:44.000Z
6/1/16,21:39:42,74,0.3,0.9,2016-06-01T21:39:42.000Z
6/2/16,01:52:59,67,0.9,0.7,2016-06-02T01:52:59.000Z
6/2/16,05:04:15,64,0.5,0.1,2016-06-02T05:04:15.000Z
6/2/16,08:26:29,60,0.5,0.6,2016-06-02T08:26:29.000Z
6/2/16,11:19:14,74,0.7,0.8,2016-06-02T11:19:14.000Z
6/2/16,12:07:37,64,0.9,0.7,2016-06-02T12:07:37.000Z
6/2/16,15:31:33,75,0.8,0.3,2016-06-02T15:31:33.000Z
6/2/16,23:24:20,61,0.5,0.1,2016-06-02T23:24:20.000Z
6/3/16,01:30:51,60,0.5,0.8,2016-06-03T01:30:51.000Z
6/3/16,03:30:02,59,0.6,0.7,2016-06-03T03:30:02.000Z
6/3/16,06:37:30,61,0.2,0.9,2016-06-03T06:37:30.000Z
6/3/16,09:22:13,87,0.7,0.5,2016-06-03T09:22:13.000Z
6/3/16,12:36:51,89,0.6,0.9,2016-06-03T12:36:51.000Z
6/3/16,17:59:34,72,0.9,0.7,2016-06-03T17:59:34.000Z
6/3/16,20:52:32,80,0.4,0.4,2016-06-03T20:52:32.000Z
6/4/16,01:56:18,52,0.6,0.9,2016-06-04T01:56:18.000Z
6/4/16,05:45:06,72,0.2,0.8,2016-06-04T05:45:06.000Z
6/4/16,07:47:40,70,0.7,1,2016-06-04T07:47:40.000Z
6/4/16,10:33:31,70,0.5,0.4,2016-06-04T10:33:31.000Z
6/4/16,13:14:54,61,0.1,0.3,2016-06-04T13:14:54.000Z
6/4/16,15:17:31,67,0.8,0.2,2016-06-04T15:17:31.000Z
6/4/16,20:49:16,90,0.7,0.7,2016-06-04T20:49:16.000Z
6/5/16,02:35:52,65,0.5,0.2,2016-06-05T02:35:52.000Z
6/5/16,04:42:22,71,0.5,0.8,2016-06-05T04:42:22.000Z
6/5/16,08:54:25,79,0,0.3,2016-06-05T08:54:25.000Z
6/5/16,09:44:59,51,0.9,0.4,2016-06-05T09:44:59.000Z
6/5/16,13:22:21,69,0,0.9,2016-06-05T13:22:21.000Z
6/5/16,15:06:45,53,0.7,0.5,2016-06-05T15:06:45.000Z
6/5/16,22:30:13,90,0.7,0.6,2016-06-05T22:30:13.000Z
6/6/16,01:32:34,81,0.6,0.3,2016-06-06T01:32:34.000Z
6/6/16,04:14:22,65,0.3,1,2016-06-06T04:14:22.000Z
6/6/16,07:42:03,66,0.9,0.5,2016-06-06T07:42:03.000Z
6/6/16,09:54:02,86,0.3,0.2,2016-06-06T09:54:02.000Z
6/6/16,12:01:37,61,0.2,0.7,2016-06-06T12:01:37.000Z
6/6/16,16:58:18,87,0.7,0.7,2016-06-06T16:58:18.000Z
6/6/16,22:49:22,78,0.5,0.7,2016-06-06T22:49:22.000Z
6/7/16,02:08:53,76,0.8,0.6,2016-06-07T02:08:53.000Z
6/7/16,04:58:01,76,0.8,0.2,2016-06-07T04:58:01.000Z
6/7/16,07:33:51,87,0.5,0.8,2016-06-07T07:33:51.000Z
6/7/16,11:59:28,72,0.9,0.1,2016-06-07T11:59:28.000Z
6/7/16,14:19:32,72,0.5,0.3,2016-06-07T14:19:32.000Z
6/7/16,15:01:14,77,0.2,0.4,2016-06-07T15:01:14.000Z
6/7/16,22:37:11,63,0.1,0.1,2016-06-07T22:37:11.000Z
6/8/16,00:44:25,66,0.8,0.9,2016-06-08T00:44:25.000Z
6/8/16,04:50:11,76,0.5,0.4,2016-06-08T04:50:11.000Z
6/8/16,08:51:33,62,0,0.4,2016-06-08T08:51:33.000Z
6/8/16,11:20:57,72,0.2,0.6,2016-06-08T11:20:57.000Z
6/8/16,13:57:52,65,1,0.7,2016-06-08T13:57:52.000Z
6/8/16,15:15:46,64,0.1,0.6,2016-06-08T15:15:46.000Z
6/8/16,20:32:49,87,0.2,0,2016-06-08T20:32:49.000Z
6/9/16,02:44:29,88,0.1,0.4,2016-06-09T02:44:29.000Z
6/9/16,03:32:26,54,0.5,0.4,2016-06-09T03:32:26.000Z
6/9/16,07:05:59,70,0.4,0.3,2016-06-09T07:05:59.000Z
6/9/16,10:04:14,61,0.2,0.4,2016-06-09T10:04:14.000Z
6/9/16,12:17:22,90,0.2,0.3,2016-06-09T12:17:22.000Z
6/9/16,18:36:49,90,0.3,0.7,2016-06-09T18:36:49.000Z
6/9/16,20:08:40,66,0.3,0.6,2016-06-09T20:08:40.000Z
6/10/16,01:34:14,85,0,0.8,2016-06-10T01:34:14.000Z
6/10/16,04:30:21,72,0.2,0.1,2016-06-10T04:30:21.000Z
6/10/16,08:46:35,88,0.3,0.9,2016-06-10T08:46:35.000Z
6/10/16,09:28:44,52,0.3,0.6,2016-06-10T09:28:44.000Z
6/10/16,12:16:06,65,0.3,0.5,2016-06-10T12:16:06.000Z
6/10/16,18:59:24,74,1,0.6,2016-06-10T18:59:24.000Z
6/10/16,21:43:39,53,0,0.7,2016-06-10T21:43:39.000Z
6/11/16,00:20:47,68,0.6,0.2,2016-06-11T00:20:47.000Z
6/11/16,03:18:33,76,0.8,0.5,2016-06-11T03:18:33.000Z
6/11/16,08:23:40,88,0.8,0.6,2016-06-11T08:23:40.000Z
6/11/16,09:05:36,88,1,0.2,2016-06-11T09:05:36.000Z
6/11/16,13:55:19,80,0.9,0.4,2016-06-11T13:55:19.000Z
6/11/16,16:23:30,72,0.1,1,2016-06-11T16:23:30.000Z
6/11/16,22:53:43,85,0.9,0.8,2016-06-11T22:53:43.000Z
6/12/16,02:31:20,53,0.3,1,2016-06-12T02:31:20.000Z
6/12/16,04:51:56,65,0.7,0.1,2016-06-12T04:51:56.000Z
6/12/16,07:02:19,74,0.8,0.4,2016-06-12T07:02:19.000Z
6/12/16,09:16:02,62,0.7,0.9,2016-06-12T09:16:02.000Z
6/12/16,12:03:25,61,0.1,0.6,2016-06-12T12:03:25.000Z
6/12/16,15:03:58,70,0.3,0.2,2016-06-12T15:03:58.000Z
6/12/16,23:20:36,50,0.8,0.2,2016-06-12T23:20:36.000Z
6/13/16,02:17:51,72,0.1,0.4,2016-06-13T02:17:51.000Z
6/13/16,05:24:53,54,0.1,0.3,2016-06-13T05:24:53.000Z
6/13/16,08:07:10,58,0.1,0.2,2016-06-13T08:07:10.000Z
6/13/16,09:15:59,60,0.2,0.6,2016-06-13T09:15:59.000Z
6/13/16,14:06:34,78,0.1,0.7,2016-06-13T14:06:34.000Z
6/13/16,15:08:58,53,1,0.8,2016-06-13T15:08:58.000Z
6/13/16,19:52:19,70,0.5,0.2,2016-06-13T19:52:19.000Z
6/14/16,01:09:34,85,0.2,0.7,2016-06-14T01:09:34.000Z
6/14/16,03:37:55,63,1,1,2016-06-14T03:37:55.000Z
6/14/16,06:56:02,72,0.7,0.8,2016-06-14T06:56:02.000Z
6/14/16,11:04:50,90,1,0.2,2016-06-14T11:04:50.000Z
6/14/16,12:44:26,57,0.1,0.7,2016-06-14T12:44:26.000Z
6/14/16,15:06:47,85,0.8,0.5,2016-06-14T15:06:47.000Z
6/14/16,23:16:35,62,0.1,0.1,2016-06-14T23:16:35.000Z
6/15/16,00:00:48,87,0.6,0.6,2016-06-15T00:00:48.000Z
6/15/16,05:44:22,71,0.5,0.6,2016-06-15T05:44:22.000Z
6/15/16,08:22:30,77,0.9,0.8,2016-06-15T08:22:30.000Z
6/15/16,09:19:25,65,0.7,0.4,2016-06-15T09:19:25.000Z
6/15/16,14:15:34,53,0.8,0.5,2016-06-15T14:15:34.000Z
6/15/16,17:12:14,67,0.1,0.6,2016-06-15T17:12:14.000Z
6/15/16,19:46:35,51,0.6,0.3,2016-06-15T19:46:35.000Z
6/16/16,01:03:02,66,0.8,0.3,2016-06-16T01:03:02.000Z
6/16/16,03:12:40,90,1,0.7,2016-06-16T03:12:40.000Z
6/16/16,06:36:58,56,0.7,0.8,2016-06-16T06:36:58.000Z
6/16/16,11:20:05,64,0.7,0.1,2016-06-16T11:20:05.000Z
6/16/16,13:52:08,69,0.9,0.3,2016-06-16T13:52:08.000Z
6/16/16,18:11:00,87,0.7,0.5,2016-06-16T18:11:00.000Z
6/16/16,22:58:44,68,0.6,0.4,2016-06-16T22:58:44.000Z
6/17/16,00:50:06,57,0.2,0.3,2016-06-17T00:50:06.000Z
6/17/16,04:07:35,85,0.3,0.6,2016-06-17T04:07:35.000Z
6/17/16,07:52:06,70,0.8,0.8,2016-06-17T07:52:06.000Z
6/17/16,11:55:40,50,0.8,0.3,2016-06-17T11:55:40.000Z
6/17/16,13:16:06,70,0.5,0.3,2016-06-17T13:16:06.000Z
6/17/16,16:17:14,90,0.1,0.9,2016-06-17T16:17:14.000Z
6/17/16,22:15:12,74,0.8,0.5,2016-06-17T22:15:12.000Z
6/18/16,01:02:56,50,0.4,0.2,2016-06-18T01:02:56.000Z
6/18/16,05:15:00,62,0.6,0.2,2016-06-18T05:15:00.000Z
6/18/16,06:20:20,79,0.5,0,2016-06-18T06:20:20.000Z
6/18/16,09:47:51,56,0.1,0.4,2016-06-18T09:47:51.000Z
6/18/16,14:44:36,87,0.3,0.4,2016-06-18T14:44:36.000Z
6/18/16,17:29:07,51,0.9,0.3,2016-06-18T17:29:07.000Z
6/18/16,23:56:14,76,0.4,0.7,2016-06-18T23:56:14.000Z
6/19/16,00:37:19,68,0.1,0.9,2016-06-19T00:37:19.000Z
6/19/16,03:15:40,71,0.3,0.3,2016-06-19T03:15:40.000Z
6/19/16,08:27:10,67,0.9,1,2016-06-19T08:27:10.000Z
6/19/16,09:49:14,78,0.5,1,2016-06-19T09:49:14.000Z
6/19/16,14:47:37,64,0.2,0.8,2016-06-19T14:47:37.000Z
6/19/16,15:54:28,90,0.1,0.3,2016-06-19T15:54:28.000Z
6/19/16,21:48:38,68,0.3,0.4,2016-06-19T21:48:38.000Z
6/20/16,02:10:23,60,0.8,0.6,2016-06-20T02:10:23.000Z
6/20/16,05:08:00,76,0.1,0.6,2016-06-20T05:08:00.000Z
6/20/16,07:03:09,79,0.6,0.8,2016-06-20T07:03:09.000Z
6/20/16,09:17:54,68,1,0.7,2016-06-20T09:17:54.000Z
6/20/16,13:14:09,50,0.2,0.6,2016-06-20T13:14:09.000Z
6/20/16,18:19:19,79,0.3,0.6,2016-06-20T18:19:19.000Z
6/20/16,22:47:38,67,0.8,0.6,2016-06-20T22:47:38.000Z
6/21/16,02:33:15,57,1,0.8,2016-06-21T02:33:15.000Z
6/21/16,03:58:29,83,0.9,0.8,2016-06-21T03:58:29.000Z
6/21/16,06:14:27,54,0.4,0.8,2016-06-21T06:14:27.000Z
6/21/16,09:26:45,75,0.9,0.6,2016-06-21T09:26:45.000Z
6/21/16,14:01:06,61,0.2,0.4,2016-06-21T14:01:06.000Z
6/21/16,17:42:51,86,0.6,0.8,2016-06-21T17:42:51.000Z
6/21/16,22:45:11,69,0.3,0.4,2016-06-21T22:45:11.000Z
6/22/16,01:23:01,84,0.2,0.7,2016-06-22T01:23:01.000Z
6/22/16,04:36:55,58,0.2,0.4,2016-06-22T04:36:55.000Z
6/22/16,08:04:39,90,0.7,0.1,2016-06-22T08:04:39.000Z
6/22/16,10:01:34,82,0.6,0.1,2016-06-22T10:01:34.000Z
6/22/16,14:27:52,89,0.7,0.5,2016-06-22T14:27:52.000Z
6/22/16,18:47:53,72,0.9,0.8,2016-06-22T18:47:53.000Z
6/22/16,22:20:33,75,0.1,0.2,2016-06-22T22:20:33.000Z
6/23/16,00:32:49,57,0.7,1,2016-06-23T00:32:49.000Z
6/23/16,04:31:34,70,0.9,0.6,2016-06-23T04:31:34.000Z
6/23/16,08:24:31,76,0.2,1,2016-06-23T08:24:31.000Z
6/23/16,10:22:48,61,0.2,0.9,2016-06-23T10:22:48.000Z
6/23/16,14:44:11,75,0.3,0.2,2016-06-23T14:44:11.000Z
6/23/16,17:08:27,87,0,0.7,2016-06-23T17:08:27.000Z
6/23/16,23:28:43,86,0.7,0.5,2016-06-23T23:28:43.000Z
6/24/16,01:21:42,90,0.2,0,2016-06-24T01:21:42.000Z
6/24/16,03:31:47,52,0.9,1,2016-06-24T03:31:47.000Z
6/24/16,06:09:29,83,0.7,0.6,2016-06-24T06:09:29.000Z
6/24/16,10:40:53,65,0.9,1,2016-06-24T10:40:53.000Z
6/24/16,13:53:59,88,0.5,0.7,2016-06-24T13:53:59.000Z
6/24/16,15:09:18,52,0.3,0.3,2016-06-24T15:09:18.000Z
6/24/16,19:45:15,89,0.9,0.1,2016-06-24T19:45:15.000Z
6/25/16,02:08:56,72,0.1,0.2,2016-06-25T02:08:56.000Z
6/25/16,03:19:01,63,0.3,0.4,2016-06-25T03:19:01.000Z
6/25/16,06:21:13,56,0.9,0.9,2016-06-25T06:21:13.000Z
6/25/16,10:35:23,65,0.9,1,2016-06-25T10:35:23.000Z
6/25/16,13:02:23,74,0,0.3,2016-06-25T13:02:23.000Z
6/25/16,15:59:06,75,1,0.7,2016-06-25T15:59:06.000Z
6/25/16,23:34:02,63,0.4,0.2,2016-06-25T23:34:02.000Z
6/26/16,00:51:22,65,0.8,0.6,2016-06-26T00:51:22.000Z
6/26/16,03:55:55,57,0.7,1,2016-06-26T03:55:55.000Z
6/26/16,06:42:34,76,0.4,0.1,2016-06-26T06:42:34.000Z
6/26/16,10:51:05,52,0.1,0.1,2016-06-26T10:51:05.000Z
6/25/16,12:28:25,50,0.9,0.7,2016-06-25T12:28:25.000Z
6/25/16,17:18:02,50,0.8,0.3,2016-06-25T17:18:02.000Z
6/25/16,20:16:47,82,0.4,0.4,2016-06-25T20:16:47.000Z
6/26/16,02:26:24,79,0.8,0.1,2016-06-26T02:26:24.000Z
6/26/16,05:25:03,65,0.6,0.5,2016-06-26T05:25:03.000Z
6/26/16,08:15:06,85,0.9,0,2016-06-26T08:15:06.000Z
6/26/16,10:44:16,61,0.8,0,2016-06-26T10:44:16.000Z
6/26/16,14:35:11,52,0,0.8,2016-06-26T14:35:11.000Z
6/26/16,18:16:12,71,0.3,0.4,2016-06-26T18:16:12.000Z
6/26/16,23:03:39,66,0.5,0,2016-06-26T23:03:39.000Z
6/27/16,01:46:28,61,1,0.1,2016-06-27T01:46:28.000Z
6/27/16,04:44:30,55,0.7,0.3,2016-06-27T04:44:30.000Z
6/27/16,08:20:01,82,0.5,0.5,2016-06-27T08:20:01.000Z
6/27/16,11:32:28,80,0.8,0.2,2016-06-27T11:32:28.000Z
6/27/16,12:13:37,75,0.4,0,2016-06-27T12:13:37.000Z
6/27/16,17:31:53,66,0.6,0.1,2016-06-27T17:31:53.000Z
6/27/16,21:57:42,66,0.2,1,2016-06-27T21:57:42.000Z
6/28/16,01:45:01,67,0.1,0.5,2016-06-28T01:45:01.000Z
6/28/16,04:43:38,84,0.5,0.5,2016-06-28T04:43:38.000Z
6/28/16,07:27:19,58,0.8,0.1,2016-06-28T07:27:19.000Z
6/28/16,10:40:09,63,0,0.5,2016-06-28T10:40:09.000Z
6/28/16,14:56:18,77,0.9,0.9,2016-06-28T14:56:18.000Z
6/28/16,16:19:25,62,0.8,0.8,2016-06-28T16:19:25.000Z
6/28/16,22:50:50,70,0.7,0.2,2016-06-28T22:50:50.000Z
6/29/16,00:50:01,74,0.3,0.4,2016-06-29T00:50:01.000Z
6/29/16,04:53:12,52,0.6,0.2,2016-06-29T04:53:12.000Z
6/29/16,08:46:08,53,0.7,0.1,2016-06-29T08:46:08.000Z
6/29/16,11:44:10,79,0.1,0.1,2016-06-29T11:44:10.000Z
6/29/16,12:18:19,79,1,0,2016-06-29T12:18:19.000Z
6/29/16,16:31:05,71,0.4,0.4,2016-06-29T16:31:05.000Z
6/29/16,22:21:22,82,0.7,0.5,2016-06-29T22:21:22.000Z
6/30/16,00:30:53,68,1,0.1,2016-06-30T00:30:53.000Z
6/30/16,03:23:07,71,0.8,0.9,2016-06-30T03:23:07.000Z
6/30/16,08:09:36,57,0.5,1,2016-06-30T08:09:36.000Z
6/30/16,11:05:38,75,0.5,0.4,2016-06-30T11:05:38.000Z
6/30/16,12:27:01,69,0.5,0.6,2016-06-30T12:27:01.000Z
6/30/16,15:27:46,68,0.2,0.3,2016-06-30T15:27:46.000Z
6/30/16,22:30:25,60,0.3,0.8,2016-06-30T22:30:25.000Z
7/1/16,00:39:32,82,0.3,0.1,2016-07-01T00:39:32.000Z
7/1/16,05:41:42,90,0,0.1,2016-07-01T05:41:42.000Z
7/1/16,07:09:14,78,0.6,0.8,2016-07-01T07:09:14.000Z
7/1/16,09:41:43,53,0.8,0.6,2016-07-01T09:41:43.000Z
7/1/16,12:29:25,88,0.2,0.8,2016-07-01T12:29:25.000Z
7/1/16,18:50:05,81,0.5,0.5,2016-07-01T18:50:05.000Z
7/1/16,21:27:40,50,0.4,0.5,2016-07-01T21:27:40.000Z
7/2/16,00:09:06,78,0.6,0.5,2016-07-02T00:09:06.000Z
7/2/16,05:42:48,69,0.6,0.7,2016-07-02T05:42:48.000Z
7/2/16,07:42:19,58,0.1,0.2,2016-07-02T07:42:19.000Z
7/2/16,09:48:30,65,0.9,0,2016-07-02T09:48:30.000Z
7/2/16,14:48:02,70,0.9,0.3,2016-07-02T14:48:02.000Z
7/2/16,18:15:04,80,0,0.4,2016-07-02T18:15:04.000Z
7/2/16,20:33:58,50,0,0.7,2016-07-02T20:33:58.000Z
7/3/16,21:23:20,73,0.4,0.5,2016-07-03T21:23:20.000Z
7/3/16,02:25:46,63,0.5,0.6,2016-07-03T02:25:46.000Z
7/3/16,03:20:54,88,0.1,0.6,2016-07-03T03:20:54.000Z
7/3/16,08:18:21,57,0.5,0.6,2016-07-03T08:18:21.000Z
7/3/16,10:37:08,74,0.9,0.5,2016-07-03T10:37:08.000Z
7/3/16,13:58:35,87,0.2,0.4,2016-07-03T13:58:35.000Z
7/3/16,18:53:49,81,0.6,0.5,2016-07-03T18:53:49.000Z
7/4/16,23:16:22,67,0.3,0.5,2016-07-04T23:16:22.000Z
7/4/16,01:01:03,57,0.5,0.9,2016-07-04T01:01:03.000Z
7/4/16,05:45:08,84,0.9,0.9,2016-07-04T05:45:08.000Z
7/4/16,06:36:19,89,0.9,0.4,2016-07-04T06:36:19.000Z
7/4/16,10:59:41,81,0.9,0.3,2016-07-04T10:59:41.000Z
7/4/16,14:18:42,83,0.7,0.2,2016-07-04T14:18:42.000Z
7/4/16,15:49:37,79,0.1,0.9,2016-07-04T15:49:37.000Z
7/5/16,19:12:04,61,0,0.9,2016-07-05T19:12:04.000Z
7/5/16,00:38:14,61,0.4,0.2,2016-07-05T00:38:14.000Z
7/5/16,04:04:28,62,0.8,0.7,2016-07-05T04:04:28.000Z
7/5/16,06:22:16,53,1,0.3,2016-07-05T06:22:16.000Z
7/5/16,10:32:26,67,0.4,0.6,2016-07-05T10:32:26.000Z
7/5/16,14:14:24,59,0,0.8,2016-07-05T14:14:24.000Z
7/5/16,16:32:57,86,0.9,1,2016-07-05T16:32:57.000Z
7/5/16,20:27:17,82,0.3,0.5,2016-07-05T20:27:17.000Z
7/6/16,02:36:04,89,0.6,0.7,2016-07-06T02:36:04.000Z
7/6/16,04:15:22,89,0.9,0.7,2016-07-06T04:15:22.000Z
7/6/16,08:05:05,83,0.5,0.3,2016-07-06T08:05:05.000Z
7/6/16,10:50:00,51,0.8,1,2016-07-06T10:50:00.000Z
7/6/16,12:31:45,71,0.7,0.4,2016-07-06T12:31:45.000Z
7/6/16,16:54:52,75,0.3,0.1,2016-07-06T16:54:52.000Z
7/6/16,22:29:49,84,0.7,0,2016-07-06T22:29:49.000Z